{
    "batch_size": 128,
    "best_eval_metric": 0.06420556455850601,
    "best_increase_batch_size_eval_metric": Infinity,
    "best_reduce_learning_rate_eval_metric": Infinity,
    "epoch": 6,
    "last_improvement": 4,
    "last_improvement_epoch": 2,
    "last_increase_batch_size": 0,
    "last_increase_batch_size_epoch": 0,
    "last_increase_batch_size_eval_metric_improvement": 0,
    "last_learning_rate_reduction": 0,
    "last_learning_rate_reduction_epoch": 0,
    "last_reduce_learning_rate_eval_metric_improvement": 0,
    "learning_rate": 0.001,
    "num_increases_batch_size": 0,
    "num_reductions_learning_rate": 0,
    "steps": 606,
    "test_metrics": {
        "class": {
            "accuracy": [
                0.9542699456214905,
                0.9738292098045349,
                0.9727272987365723,
                0.9696969985961914,
                0.9727272987365723,
                0.965840220451355
            ],
            "hits_at_k": [
                1.0,
                1.0,
                1.0,
                1.0,
                1.0,
                1.0
            ],
            "loss": [
                0.11120525002479553,
                0.07491977512836456,
                0.12746460735797882,
                0.1301848441362381,
                0.15793927013874054,
                0.16856755316257477
            ]
        },
        "combined": {
            "loss": [
                0.1109151765704155,
                0.0856240838766098,
                0.13432249426841736,
                0.13768136501312256,
                0.1595006287097931,
                0.17833568155765533
            ]
        }
    },
    "train_metrics": {
        "class": {
            "accuracy": [
                0.9777743220329285,
                0.9989861845970154,
                0.999376118183136,
                0.9996100664138794,
                0.9996880888938904,
                0.9991421699523926
            ],
            "hits_at_k": [
                1.0,
                1.0,
                1.0,
                1.0,
                1.0,
                1.0
            ],
            "loss": [
                0.06774021685123444,
                0.007991654798388481,
                0.0020825539249926805,
                0.0010900311172008514,
                0.0008827222045511007,
                0.003793123411014676
            ]
        },
        "combined": {
            "loss": [
                0.0674193948507309,
                0.008730296976864338,
                0.0027036909013986588,
                0.0011497929226607084,
                0.001118623884394765,
                0.0029831428546458483
            ]
        }
    },
    "vali_metrics": {
        "class": {
            "accuracy": [
                0.9541076421737671,
                0.9733710885047913,
                0.9739376902580261,
                0.9705382585525513,
                0.9728045463562012,
                0.9665722250938416
            ],
            "hits_at_k": [
                1.0,
                1.0,
                1.0,
                1.0,
                1.0,
                1.0
            ],
            "loss": [
                0.11875397711992264,
                0.07116583734750748,
                0.11114553362131119,
                0.10584808886051178,
                0.14145006239414215,
                0.17624974250793457
            ]
        },
        "combined": {
            "loss": [
                0.11487957090139389,
                0.06420556455850601,
                0.09536933153867722,
                0.09404675662517548,
                0.12781624495983124,
                0.1634574979543686
            ]
        }
    }
}